{"cameraMode":{"drawMode":0,"name":"Shaded","section":"Shading Mode"},"sceneLighting":false,"audioPlay":false,"sceneViewState":{"m_AlwaysRefresh":false,"showFog":true,"showSkybox":false,"showFlares":true,"showImageEffects":true,"showParticleSystems":true,"showVisualEffectGraphs":true,"m_FxEnabled":true},"in2DMode":false,"pivot":{"x":0.14356249570846559,"y":1.45613694190979,"z":-0.04723238945007324},"rotation":{"x":-0.0014161929721012712,"y":0.9983762502670288,"z":0.04915975406765938,"w":0.02876121737062931},"size":8.808703422546387,"orthographic":true}