{"cameraMode":{"drawMode":0,"name":"Shaded","section":"Shading Mode"},"sceneLighting":false,"audioPlay":false,"sceneViewState":{"m_AlwaysRefresh":false,"showFog":true,"showSkybox":false,"showFlares":true,"showImageEffects":true,"showParticleSystems":true,"showVisualEffectGraphs":true,"m_FxEnabled":true},"in2DMode":false,"pivot":{"x":-0.3403559923171997,"y":1.836020588874817,"z":0.006860017776489258},"rotation":{"x":-0.051066748797893527,"y":0.9468942284584045,"z":-0.19027912616729737,"w":-0.254125714302063},"size":1.7919933795928956,"orthographic":false}